"","","Mean","SD","CV",".0275","Median",".0975"
"1","Recruits Per Spawner (R/S)",0.508650482175449,0.405278203396011,0.796771491619698,0.0981669953040169,0.396417732449011,1.5822987113052
"2","Geomean Spawners (NOR)",8.79461104465664,30.2011410645647,3.43405079669942,0.00531040067524699,1.07238467166325,71.710744215408
"3","QET Threshold -116 (Mean not median)",0.99591,0.0638225088282052,0.0640846149031591,1,0.99591,1
"4","SAR",0.0421707346605508,0.034591532595936,0.820273416490776,0.00814261644610542,0.032506492628214,0.13306243433524
"5","Last 15 years Average Marine Survival",0.042243341488515,0.0227582572120406,0.538741880024525,0.0143507438689174,0.0371526690120305,0.0998864248267128
"6","First 5 Years Average Marine Survival",0.0420972950121003,0.0345309170421411,0.820264509446882,0.00812447876389038,0.0324928850046246,0.132633450352092
"7","DPS",0.684143354695912,0.0402222217359903,0.0587920959253755,0.670820393249937,0.699085047962989,0.708951265328024
"8","DPE",0.470263796139297,0.124215423211252,0.26413988112846,0.388049630525863,0.388457158366617,0.670820393249937
"9","DPE*DPS",0.319644868102097,0.0786240510879342,0.245973137484632,0.271631385165003,0.273426896394736,0.45
