"","","Mean","SD","CV",".0275","Median",".0975"
"1","Recruits Per Spawner (R/S)",1.1684423426921,0.529030152925067,0.452765304367675,0.182504337617178,1.16058042968741,2.22773406625818
"2","Geomean Spawners (NOR)",698.151477141938,841.530120736507,1.20536896116231,0,375.726751819434,2903.21931194488
"3","QET Threshold",0.33316,0.47134555908204,1.41477235887273,0,0,1
"4","SAR",0.041950141505485,0.00209897482338038,0.0500349879178821,0.0378291000543609,0.0419418577824352,0.0460686748343739
"5","First 5 Years Average Marine Survival",0.0252999505486919,0.011483904520672,0.453910156803279,0.0053535206917638,0.02471262068794,0.0491757068253425
"6","DPS",0.98,5.72847038811776e-16,5.84537794705894e-16,0.98,0.98,0.980000000000001
"7","DPE",0.650549198213438,0.0105829462982066,0.0162677109237393,0.645418805102203,0.648016047751512,0.674659266624031
"8","DPE*DPS",0.63753821424917,0.0103712873722425,0.0162677109237393,0.632510429000158,0.635055726796482,0.66116608129155
