"","","Mean","SD","CV",".0275","Median",".0975"
"1","Recruits Per Spawner (R/S)",0.664603956046175,0.159047848550629,0.239312220614556,0.411927518504598,0.644786063791699,1.02856583271653
"2","Geomean Spawners (NOR)",15.4631362127121,12.1732588150282,0.787243845463946,2.92963077566593,12.0928551521589,47.7346071858057
"3","QET Threshold -100 (Mean not median)",0.99969,0.0176041756146089,0.0176096346013353,1,0.99969,1
"4","SAR",0.0450575593947802,0.00225445443992708,0.0500349879178821,0.0406312556139432,0.0450486620626156,0.0494811692665498
"5","First 5 Years Average Marine Survival",0.0311563166666667,0.00714797805653713,0.229423077606108,0.0193833333333333,0.0305,0.0467337499999999
"6","DPS",0.92593119608727,0.0342759395370403,0.0370178040030199,0.902383661913443,0.938531337158014,0.96629784524004
"7","DPE",0.286667006824956,0.0712244920089521,0.248457235444758,0.235197327092717,0.291890388837335,0.405818042120251
"8","DPE*DPS",0.264111482308915,0.060614001444159,0.229501576055154,0.224328584174615,0.278953972118439,0.34942032943465
