"","","Mean","SD","CV",".0275","Median",".0975"
"1","Recruits Per Spawner (R/S)",1.40300518317107,0.268464598523727,0.191349684052445,0.967089442604292,1.37345334950806,2.00161017669746
"2","Geomean Spawners (NOR)",1440.33396077056,415.155397514997,0.288235512611877,773.336204708896,1391.65049869413,2383.2042240196
"3","QET Threshold -100 (Mean not median)",0,0,NA,0,0,0
"4","SAR",0.041950141505485,0.00209897482338038,0.0500349879178821,0.0378291000543609,0.0419418577824352,0.0460686748343739
"5","First 5 Years Average Marine Survival",0.0311563166666667,0.00714797805653713,0.229423077606108,0.0193833333333333,0.0305,0.0467337499999999
"6","DPS",0.965222606466901,0.00793954221284783,0.00822560739839043,0.958640218698911,0.9654148937569,0.979057787608424
"7","DPE",0.827007467825186,0.00186208285431161,0.00225159134198437,0.827286797926193,0.82729,0.8278
"8","DPE*DPS",0.798245515453392,0.00671817318953763,0.00841617404605375,0.792547493749697,0.798678087456146,0.809963672871048
