"","","Mean","SD","CV",".0275","Median",".0975"
"1","Recruits Per Spawner (R/S)",1.13743139690023,0.641627502205233,0.564102155043215,0,1.15741223096833,2.35595208092333
"2","Geomean Spawners (NOR)",590.785910621719,695.690681529661,1.17756816644044,0,328.636811219386,2399.155075144
"3","QET Threshold",0.3705,0.482962809445542,1.3035433453321,0,0,1
"4","SAR",0.0388227131901516,0.00193649203780149,0.0498803890474284,0.0351051453453701,0.0388211729746851,0.0425793456443262
"5","First 5 Years Average Marine Survival",0.0251988580076456,0.0115925726923717,0.460043573754588,0.00532289165539878,0.0244992269500019,0.0495021020377319
"6","DPS",0.98,5.73002468398157e-16,5.8469639632465e-16,0.98,0.98,0.980000000000001
"7","DPE",0.7576332448,0.000280504221008222,0.000370237476950037,0.7576,0.7576,0.7576
"8","DPE*DPS",0.742480579904,0.000274894136588062,0.000370237476950044,0.742448,0.742448,0.742448000000001
