"","","Mean","SD","CV",".0275","Median",".0975"
"1","Recruits Per Spawner (R/S)",0.481568253252145,0.279980472989076,0.581393127761851,0,0.481689700191168,1.03450943245928
"2","Geomean Spawners (NOR)",11.0050774576978,23.1626793072763,2.10472660427071,0,2.37266481484707,74.7313628891693
"3","QET Threshold",1,0,0,1,1,1
"4","SAR",0.0388227131901516,0.00193649203780149,0.0498803890474284,0.0351051453453701,0.0388211729746851,0.0425793456443262
"5","First 5 Years Average Marine Survival",0.0251988580076456,0.0115925726923717,0.460043573754588,0.00532289165539878,0.0244992269500019,0.0495021020377319
"6","DPS",0.695925529342996,0.00565911261804761,0.00813177901864043,0.691846867315925,0.694922627488441,0.708908793346241
"7","DPE",0.387824791374538,0.000818882533219812,0.00211147546890313,0.387392187844946,0.387804017282745,0.388813408468495
"8","DPE*DPS",0.269897767911308,0.0023406867830517,0.00867249403789393,0.26826874317022,0.269571561438942,0.274865740539437
