"","","Mean","SD","CV",".0275","Median",".0975"
"1","Recruits Per Spawner (R/S)",0.485800402889849,0.2824050681414,0.581319131193543,0,0.486787153593261,1.04183709797718
"2","Geomean Spawners (NOR)",11.6099685849107,24.3952459598593,2.10123272784437,0,2.49926390741049,78.2054414692268
"3","QET Threshold",1,0,0,1,1,1
"4","SAR",0.0388227131901516,0.00193649203780149,0.0498803890474284,0.0351051453453701,0.0388211729746851,0.0425793456443262
"5","First 5 Years Average Marine Survival",0.0251988580076456,0.0115925726923717,0.460043573754588,0.00532289165539878,0.0244992269500019,0.0495021020377319
"6","DPS",0.70137138303427,0.00451883955624283,0.00644286274796876,0.698566086060019,0.70181881906835,0.709285537813233
"7","DPE",0.388388611963494,0.000945443093250434,0.00243427089293571,0.387991059595195,0.388232187187643,0.392562216057002
"8","DPE*DPS",0.272404639546975,0.00187292237799882,0.0068755157074916,0.271445594686531,0.272352518009589,0.277196629139631
