"","","Mean","SD","CV",".0275","Median",".0975"
"1","Recruits Per Spawner (R/S)",1.01831477329039,0.57919181690963,0.568774834757763,0,1.03413783399733,2.12975234760996
"2","Geomean Spawners (NOR)",430.459194534047,552.147682159694,1.28269459491362,0,201.356841271326,1946.85391104296
"3","QET Threshold",0.4636,0.498698215347718,1.075707970983,0,0,1
"4","SAR",0.0388227131901516,0.00193649203780149,0.0498803890474284,0.0351051453453701,0.0388211729746851,0.0425793456443262
"5","First 5 Years Average Marine Survival",0.0251988580076456,0.0115925726923717,0.460043573754588,0.00532289165539878,0.0244992269500019,0.0495021020377319
"6","DPS",0.837311083251931,0.0309821846753462,0.0370019999675846,0.809294283403158,0.834110065052985,0.915077744097066
"7","DPE",0.7576331488,0.00028010460705408,0.000369710073401266,0.7576,0.7576,0.7576
"8","DPE*DPS",0.634375644516359,0.0235016900156851,0.0370469614002955,0.613121349106233,0.631921785284141,0.693262898927937
