"","","Mean","SD","CV",".0275","Median",".0975"
"1","Recruits Per Spawner (R/S)",NA,NA,NA,0.451878778644141,0.759143633816046,1.11706769179523
"2","Geomean Spawners (NOR)",30.4762444180727,61.7708574382843,2.02685267222931,0,6.82847954767338,206.519569642383
"3","QET Threshold",0.9533,0.211006071846844,0.221342779656818,0,1,1
"4","SAR",0.0419285302453637,0.00209141140082561,0.0498803890474284,0.0379135569729997,0.0419268668126599,0.0459856932958723
"5","First 5 Years Average Marine Survival",0.0503977160152911,0.0231851453847434,0.460043573754588,0.0106457833107976,0.0489984539000038,0.0990042040754637
"6","DPS",0.701379456534,0.00452688636822162,0.00645426142161633,0.698566086060019,0.70181881906835,0.709285537813233
"7","DPE",0.337490909849145,0.0356215762572933,0.105548253946205,0.311623005255302,0.340032691505047,0.396814482927306
"8","DPE*DPS",0.236708688289809,0.0250269076578146,0.105728724360018,0.218528479703045,0.238777891144183,0.277725365955707
