"","","Mean","SD","CV",".0275","Median",".0975"
"1","Recruits Per Spawner (R/S)",1.14526985532927,0.637114546851142,0.556300808832493,0,1.16673109735696,2.35967372654986
"2","Geomean Spawners (NOR)",600.893082151207,700.088766882314,1.16508042391832,0,340.762293434498,2391.75755567142
"3","QET Threshold",0.3656,0.481600414648486,1.31728778623765,0,0,1
"4","SAR",0.0388427236161898,0.00194349520683369,0.0500349879178821,0.0350269444947786,0.0388350535022549,0.0426561804021981
"5","First 5 Years Average Marine Survival",0.0252999505486919,0.011483904520672,0.453910156803279,0.0053535206917638,0.02471262068794,0.0491757068253425
"6","DPS",0.98,5.72845295931157e-16,5.84536016256283e-16,0.98,0.98,0.980000000000001
"7","DPE",0.75763289536,0.00027904621559373,0.00036831322570958,0.7576,0.7576,0.7576
"8","DPE*DPS",0.7424802374528,0.000273465291281861,0.000368313225709588,0.742448,0.742448,0.742448000000001
