"","","Mean","SD","CV",".0275","Median",".0975"
"1","Recruits Per Spawner (R/S)",0.724348258345394,0.412383428799021,0.569316518743367,0,0.729823325893032,1.52964689944339
"2","Geomean Spawners (NOR)",98.1149016196979,150.591030647432,1.53484361867004,0,32.7036736839049,535.48877930255
"3","QET Threshold",0.83619,0.370104922524055,0.442608644595194,0,1,1
"4","SAR",0.0450575593947802,0.00225445443992708,0.0500349879178821,0.0406312556139432,0.0450486620626156,0.0494811692665498
"5","First 5 Years Average Marine Survival",0.0252999505486919,0.011483904520672,0.453910156803279,0.0053535206917638,0.02471262068794,0.0491757068253425
"6","DPS",0.686690089414323,0.0120449454177662,0.0175405843239114,0.678483511660641,0.686796108559598,0.712656539287249
"7","DPE",0.545908844459186,0.022255213850447,0.0407672710862462,0.532632253903639,0.539548501800756,0.595997677082312
"8","DPE*DPS",0.374872302133819,0.016784973639592,0.0447751768910371,0.36561667614142,0.369660253350921,0.414301553532037
