"","SS","A1","A2a","A2b","A3a","A3b","A4","NAA"
"1","Recruits Per Spawner (R/S)",1.36386076266434,1.161428383797,1.16058042968741,0.73509068468261,0.585303677805049,1.04017634836987,0.488637157511181
"2","Geomean Spawners (NOR)",704.581911447084,377.10951556546,375.726751819434,35.4538910950971,7.15429502671811,210.275127439836,2.52862662666407
"3","QET Threshold",0,0,0,1,1,0,1
"4","SAR",0.0419418577824352,0.0419418577824352,0.0419418577824352,0.0419418577824352,0.0419418577824352,0.0388350535022549,0.0388350535022549
"5","Marine Survival",0.02471262068794,0.02471262068794,0.02471262068794,0.02471262068794,0.02471262068794,0.02471262068794,0.02471262068794
"6","DPS",0.98,0.98,0.98,0.694922627488441,0.70181881906835,0.834110065052985,0.697450028503479
"7","DPE",0.82729,0.648346403773633,0.648016047751512,0.463707949490617,0.340063554750339,0.7576,0.387830476533153
"8","DPS*DPE",0.8107442,0.63537947569816,0.635055726796482,0.323265255398552,0.238777891144183,0.631921785284141,0.27047621000448
