"","","Mean","SD","CV",".0275","Median",".0975"
"1","Recruits Per Spawner (R/S)",2.26809142398873,0.46147942951389,0.20346597347576,1.53293696591135,2.21157054802693,3.3236402279286
"2","Geomean Spawners (NOR)",1819.00077766009,433.76116510989,0.23846123126339,1094.46758384822,1776.87703701937,2784.28823700635
"3","QET Threshold -100 (Mean not median)",1,0,0,1,1,1
"4","SAR",0.04483681953352,0.00177949805304224,0.0396883202590203,0.0413430257266123,0.0448297966436431,0.0483284869696945
"5","First 5 Years Average Marine Survival",0.0311563166666667,0.00714797805653713,0.229423077606108,0.0193833333333333,0.0305,0.0467337499999999
"6","DPS",0.971494720648488,0.00486155079290784,0.00500419682122686,0.967378159030425,0.972447201673338,0.978262655421497
"7","DPE",0.911916898372225,0.00150160408666715,0.0016466457517648,0.912108651961609,0.912127353672597,0.91213
"8","DPE*DPS",0.885925810264453,0.00524795104689297,0.00592369133632808,0.882374591176926,0.886681850781163,0.892296430217695
