"","","Mean","SD","CV",".0275","Median",".0975"
"1","Recruits Per Spawner (R/S)",0.732858150844873,0.145096491975764,0.197987143635491,0.499924841144843,0.715788202781521,1.06283808679354
"2","Geomean Spawners (NOR)",34.5414440002793,18.2009016573261,0.526929379593366,10.9317663558815,30.7534724872984,80.3571118533421
"3","QET Threshold -100 (Mean not median)",1,0,0,1,1,1
"4","SAR",0.0396786013570974,0.00157477703809048,0.0396883202590203,0.0365867484306303,0.0396723864103037,0.0427685725395527
"5","First 5 Years Average Marine Survival",0.0311563166666667,0.00714797805653713,0.229423077606108,0.0193833333333333,0.0305,0.0467337499999999
"6","DPS",0.695908320065072,0.00564247259333361,0.00810806888011629,0.691846867315925,0.694922627488441,0.708908793346241
"7","DPE",0.387825638488555,0.000818403982939275,0.00211023692535848,0.387392187844946,0.387804017282745,0.388813408468495
"8","DPE*DPS",0.269891685325248,0.00233480077357439,0.00865088070705367,0.26826874317022,0.269571561438942,0.274865740539437
