"","","Mean","SD","CV",".0275","Median",".0975"
"1","Recruits Per Spawner (R/S)",1.23182405003679,0.250687183197027,0.203508920928716,0.823737766769972,1.20363964487948,1.79583801868281
"2","Geomean Spawners (NOR)",1020.66396791018,268.82841276968,0.263385816705286,582.253278965872,991.52065305536,1626.92866873908
"3","QET Threshold -100 (Mean not median)",1,0,0,1,1,1
"4","SAR",0.0428528894656652,0.00170075920113771,0.0396883202590203,0.0395136883050807,0.0428461773231279,0.0461900583427169
"5","First 5 Years Average Marine Survival",0.0311563166666667,0.00714797805653713,0.229423077606108,0.0193833333333333,0.0305,0.0467337499999999
"6","DPS",0.831531238729871,0.0109676149331952,0.0131896607395626,0.828520123534621,0.832268137023558,0.8460345656809
"7","DPE",0.650549982315731,0.0105967539666599,0.0162889159245522,0.645418805102203,0.648016047751512,0.674659266624031
"8","DPE*DPS",0.540988407603817,0.0126726677183901,0.0234250263781451,0.536905354852153,0.539847227552176,0.56568323645808
