"","","Mean","SD","CV",".0275","Median",".0975"
"1","Recruits Per Spawner (R/S)",1.28304476702054,0.257323054061316,0.200556567218513,0.868641237775558,1.25278438285797,1.87046379788959
"2","Geomean Spawners (NOR)",637.221413659494,179.930123944117,0.282366725422484,344.621873202284,617.570442697253,1042.12595625216
"3","QET Threshold -100 (Mean not median)",1,0,0,1,1,1
"4","SAR",0.0396786013570974,0.00157477703809048,0.0396883202590203,0.0365867484306303,0.0396723864103037,0.0427685725395527
"5","First 5 Years Average Marine Survival",0.0311563166666667,0.00714797805653713,0.229423077606108,0.0193833333333333,0.0305,0.0467337499999999
"6","DPS",0.837208002440011,0.0309537005970513,0.0369725331182191,0.809294283403158,0.834110065052985,0.915077744097066
"7","DPE",0.7576331024,0.000279910730824862,0.000369454198791172,0.7576,0.7576,0.7576
"8","DPE*DPS",0.634297510225486,0.0234801917068549,0.0370176318341655,0.613121349106233,0.631921785284141,0.693262898927937
