"","","Mean","SD","CV",".0275","Median",".0975"
"1","Recruits Per Spawner (R/S)",1.13743326116745,0.641629957270404,0.564103388898477,0,1.15740501472083,2.35595208092333
"2","Geomean Spawners (NOR)",590.787614251058,695.68917623006,1.17756222278286,0,328.572521375215,2398.88210809084
"3","QET Threshold",0.3705,0.482962809445542,1.3035433453321,0,0,1
"4","SAR",0.0388227131901516,0.00193649203780149,0.0498803890474284,0.0351051453453701,0.0388211729746851,0.0425793456443262
"5","First 5 Years Average Marine Survival",0.0251988580076456,0.0115925726923717,0.460043573754588,0.00532289165539878,0.0244992269500019,0.0495021020377319
"6","DPS",0.98,6.30814430747616e-16,6.43688194640425e-16,0.98,0.98,0.980000000000001
"7","DPE",0.757632736,0.000278379353193182,0.000367433111012223,0.7576,0.7576,0.7576
"8","DPE*DPS",0.74248008128,0.000272811766129314,0.000367433111012216,0.742448,0.742448,0.742448000000001
