"","","Mean","SD","CV",".0275","Median",".0975"
"1","Recruits Per Spawner (R/S)",0.719620855397342,0.415048711420628,0.576760259666817,0,0.724050597759536,1.53061021416445
"2","Geomean Spawners (NOR)",96.0236412772359,150.049177595356,1.56262744881898,0,31.3313981455258,532.399640534529
"3","QET Threshold",0.8418,0.364946679129789,0.433531336576133,0,1,1
"4","SAR",0.0450343473005758,0.00224633076384973,0.0498803890474284,0.0407219686006293,0.0450325606506347,0.0493920409474184
"5","First 5 Years Average Marine Survival",0.0251988580076456,0.0115925726923717,0.460043573754588,0.00532289165539878,0.0244992269500019,0.0495021020377319
"6","DPS",0.686691025588157,0.0120462503890336,0.0175424607868086,0.678483511660641,0.686796108559598,0.712656539287249
"7","DPE",0.545943492045443,0.0222650994867649,0.0407827912800023,0.532632253903639,0.539548501800756,0.595997677082312
"8","DPE*DPS",0.374895637111779,0.0167708213725211,0.0447346400233533,0.36561667614142,0.369660253350921,0.414301553532037
