"","","Mean","SD","CV",".0275","Median",".0975"
"1","Recruits Per Spawner (R/S)",0.482865513022314,0.280742699693605,0.581409713724226,0,0.483603477315886,1.035442317383
"2","Geomean Spawners (NOR)",11.1900090302379,23.5384924920114,2.10352756895952,0,2.41798355439359,76.1345565245743
"3","QET Threshold",1,0,0,1,1,1
"4","SAR",0.0388227131901516,0.00193649203780149,0.0498803890474284,0.0351051453453701,0.0388211729746851,0.0425793456443262
"5","First 5 Years Average Marine Survival",0.0251988580076456,0.0115925726923717,0.460043573754588,0.00532289165539878,0.0244992269500019,0.0495021020377319
"6","DPS",0.697892129651551,0.0049655480633357,0.00711506528353449,0.694026920788193,0.697450028503479,0.708841892013963
"7","DPE",0.387851120687751,0.000776140124074299,0.00200112899686359,0.387561342911754,0.387830476533153,0.388785463849507
"8","DPE*DPS",0.270678642019883,0.00205534134347843,0.00759328969637525,0.269244082283528,0.27047621000448,0.27554476561495
